S/N,Foods,Vegan diet?,Description and class of diet,"Expert 1 Rating (4 for Yes; 3 for Yes with conditions, 2 No with conditions; and 1 for No)","Expert 2 Rating (4, Yes with conditions; 3 for Yes, 2 No with conditions; and 1 for No)","Expert 3 Rating (4, Yes with conditions; 3 for Yes, 2 No with conditions; and 1 for No)",% Agreement,Conditions Given
1,"carrots (stir-fry, sticks, and others)",Yes,Vegetables,yes,yes,yes,100,
2,"tomato (sliced, cherry, and others)",Yes,Vegetables,yes,yes,yes,100,
3,banana,Yes,Fruits,yes,yes,yes,100,
4,almond milk,Yes,plant-based milk alternatives,yes,yes,yes,100,
5,"vegetables (crunchy, skewered, etc.)",Yes,Vegetable,yes,yes,yes,100,
6,"bell pepper (stuffed, sautéed, etc.)",Yes,Vegetable,yes,yes,yes,100,
7,"rice (sushi, jasmine, brown, etc.)",Yes,Plant-based grain and cereal,yes,yes,yes,100,
8,peas (snap and others),Yes,Vegetable,yes,yes,yes,100,
9,onion (red and others),Yes,Vegetable,yes,yes,yes,100,
10,"spinach (plain, salad, etc)",Yes,Vegetable,yes,yes,yes,100,
11,"avocado (plain, wrap, toast and others)",Yes,Fruit,yes,yes,yes,100,
12,butter (almond and others),Yes,Plant-extract,yes,yes,yes,100,
13,"tofu (vegan, stir-fry and others)",Yes,Vegetable protein,yes,yes,yes,100,
14,"chickpeas (plain, sandwich, salad, roasted, and others)",Yes,Vegetable protein,yes,yes,yes,100,
15,smoothie (spinach and others),Yes,Plant-rich drinks and beverages,yes,yes,yes,100,
16,"dressing (lime, lemon)",Yes,Plant-based sauce and dips,yes,yes,yes,100,
17,"apples (sliced, baked, and others)",Yes,Fruits,yes,yes,yes,100,
18,berries (mixed and fresh),Yes,Fruits,yes,yes,yes,100,
19,"black beans (plain, salad and others)",Yes,Plant-based proteins,yes,yes,yes,100,
20,"yogurt (dairy-free, soy, and vegan)",Yes,Plant-based proteins,yes,yes,yes,100,
21,"soy (sesame dressing, plain sauce and others)",Yes,Plant-based proteins,yes,yes,yes,100,
22,cucumber (diced and others),Yes,Vegetable,yes,yes,yes,100,
23,corn,Yes,Plant-rich carb,yes,yes,yes,100,
24,"lentil (plain, soup and others)",Yes,Plant-based protein,yes,yes,yes,100,
25,orange (slices and others),Yes,Fruits,yes,yes,yes,100,
26,lettuce (romaine and others),Yes,Vegetable,yes,yes,yes,100,
27,"potatoes (mashed, sweet, and others)",Yes,Plant-rich carb,yes,yes,yes,100,
28,"syrup (agave, maple and others)",Yes,"Plant-based sauce, spreads and dips",yes,yes,yes,100,
29,olive oil,Yes,Plant-rich fats,yes,yes,yes,100,
30,"juice (carrot, lemon, orange, etc.)",Yes,Fruits,yes,yes,yes,100,
31,broccoli (stir-fry and others),Yes,Vegetables,yes,yes,yes,100,
32,hummus,Yes,"Plant-based sauce, spreads and dips",yes,yes,yes,100,
33,"chia-seed (plain, pudding and others)",Yes,Plant-based fiber,yes,yes,yes,100,
34,vegan cheese,Yes,Plant-based protein,yes,yes,yes,100,
35,granola (nut-free and others),Yes,Plant-based cereals,yes,yes,yes,100,
36,"spices (curry, and others)",Yes,Plant-based herbs and spices,yes,yes,yes,100,
37,mixed greens,Yes,All green mentioned implied a mix of them. This belongs to the category - vegetable,yes,yes,yes,100,
38,"oats (cooked, porridge and gluten-free)",Yes,Plant-based fiber,yes,yes,yes,100,
39,celery,Yes,Vegetables,yes,yes,yes,100,
40,mixed nuts,Yes,Plant-based protein,yes,yes,yes,100,
41,"quinoa (plain, salad and others)",Yes,Plant-based grains,yes,yes,yes,100,
42,almond milk yogurt,Yes,Plant-based protein,yes,yes,yes,100,
43,soy milk,Yes,Plant-based protein,yes,yes,yes,100,
44,vegan protein powder,Yes,Plant-based protein,yes,yes,yes,100,
45,salsa,Yes,"Plant-based sauce, spreads and dips",yes,yes,yes,100,
46,oatmeal (all flavours e.g. banana),Yes,Plant-based fiber,yes,yes,yes,100,
47,vegetable broth,Yes,"Plant-based sauce, spreads and dips",yes,yes,yes,100,
48,tomato sauce,Yes,"Plant-based sauce, spreads and dips",yes,yes,yes,100,
49,marinara sauce,Maybe,No recent scholarly support to conclude,yes,yes,yes,100,
50,vegan protein shake,Yes,Plant-based protein,yes,yes,yes,100,
51,coconut milk,Yes,Plant-based protein,yes,yes,yes,100,
52,spices(not specific),Yes,Plant-based herbs and spices,yes,yes,yes,100,
53,vegan pad thai,Yes,Plant-rich carb,yes,yes,yes,100,
54,bean sprouts,Yes,Plant-based protein,yes,yes,yes,100,
55,rice noodles,Yes,Plant-rich carbs,yes,yes,yes,100,
56,flaxseed,Yes,Plant-based seeds,yes,yes,yes,100,
57,pasta (whole-wheat and others),Yes,Plant-rich carb,yes,yes,yes,100,
58,"mushrooms (stroganoff, vegan, etc.)",Yes,Vegetables,yes,yes,yes,100,
59,cinnamon,Yes,Plant-based herbs and spices,yes,yes,yes,100,
60,bread (whole-wheat and others),Yes,Plant-rich carbs,yes,yes,yes,100,
61,vegan pizza,Yes,Plant-rich carbs,yes,yes,yes,100,
62,vegan pancakes,Yes,Plant-rich carbs,yes,yes,yes,100,
63,vegan burrito,Yes,Plant-rich carbs,yes,yes,yes,100,
64,"vegan sushi (rolls, bowls, and others)",Yes,Plant-based carb meal,yes,yes,yes,100,
65,"mango (plain, slices, and salad)",Yes,Fruit,yes,yes,yes,100,
66,sesame oil,Yes,Plant-extract oil,yes,yes,yes,100,
67,nori sheets,Yes,Vegetable,yes,yes,yes,100,
68,vegan shepherd’s pie,Yes,Plant-rich carbs,yes,yes,yes,100,
69,vegan gravy,Yes,Plant-rich extract,yes,yes,yes,100,
70,fruit salad,Yes,Fruits,yes,yes,yes,100,
71,baking powder,Yes,Plant-extracts,yes,yes,yes,100,
72,"peach (slices, diced and others)",Yes,Fruits,yes,yes,yes,100,
73,vegetable kebabs,Yes,Plant-Based Protein,yes,yes,yes,100,
74,vegan chocolate pudding,Yes,Plant-rich snacks and dessert,yes,yes,yes,100,
75,vegan marinade,Yes,Plant-based Protein,yes,yes,yes,100,
76,vegan mayo,Yes,"Plant-based sauce, spreads and dips",yes,yes,yes,100,
77,croutons,Yes,Plant-based Carbs,yes,yes,yes,100,
78,vegan caesar dressing,Yes,"Classified as salad dressing. This is in the category of plant-based sauce, spreads and dips",yes,yes,yes,100,
79,vegan caesar salad,Yes,Vegetables,yes,yes,yes,100,
80,cilantro,Yes,Plant-based herbs and spices,yes,yes,yes,100,
81,vegan chili,Yes,Plant-based herbs and spices,yes,yes,yes,100,
82,kidney beans,Yes,Plant-based protein,yes,yes,yes,100,
83,water,Yes,"Water is neutral and good for all diet types, including vegan diets.",yes,yes,yes,100,
84,muffin (gluten-free and vegan),Yes,Plant-rich snacks and dessert,yes,yes,yes,100,
85,vegan protein bar,Yes,Plant-based protein,yes,yes,yes,100,
86,hemp seeds,Yes,Plant-based seeds,yes,yes,yes,100,
87,cookie (gluten-free and vegan),Yes,Plant-based carbs,yes,yes,yes,100,
88,"tahini dressing (lemon, sauce, and others)",Yes,"Plant-based sauce, spreads and dips",yes,yes,yes,100,
89,"wrap (vegan, whole grain, falafel, etc.)",Yes,Plant-rich protein and fiber,yes,yes,yes,100,
90,chili (powder and spices),Yes,Plant-based herbs and spices,yes,yes,yes,100,
91,walnuts,Yes,Plant based nuts,yes,yes,yes,100,
92,tortilla (whole-wheat and others),Yes,Plant-rich carb and fiber (https://www.sciencedirect.com/science/article/pii/S2772502222000312),yes,yes,yes,100,
93,almonds,Yes,Plant-based nuts,yes,yes,yes,100,
94,tamari sauce,Yes,"Plant-based sauce, spreads and dips",yes,yes,yes,100,
95,"kiwi (plain, slices, and salad)",Yes,Fruits,yes,yes,yes,100,
96,"bagel (whole-grain, vegan, etc.)",Yes,Plant-rich carb (https://www.mdpi.com/2072-6643/14/10/2138),yes,yes,yes,100,
97,vegan cream cheese,Yes,"Plant-based sauce, spreads and dips",yes,yes,yes,100,
98,vegan lasagna,Yes,Plant-rich carb,yes,yes,yes,100,
99,lasagna noodles,Yes,Plant-rich carb,yes,yes,yes,100,
100,pear,Yes,Fruit,yes,yes,yes,100,
101,"zucchini (roasted, fresh and others)",Yes,Vegetable,yes,yes,yes,100,
102,textured vegetable protein,Yes,Plant-based protein,yes,yes,yes,100,
103,peanuts,Yes,Plant-based protein,yes,yes,yes,100,
104,grapefruit,Yes,Fruit,yes,yes,yes,100,
105,Buddha bowl,Yes,Plant-rich carbs,yes,yes,yes,100,
106,vegan ricotta,Yes,Plant-based protein,yes,yes,yes,100,
107,vegan mozzarella,Yes,Plant-based protein,yes,yes,yes,100,
108,strawberries,Yes,Fruit,yes,yes,yes,100,
109,garlic,Yes,Plant-based herbs and spices,yes,yes,yes,100,
110,vegan spaghetti (plain and bolognese),Yes,Plant-based carb,yes,yes,yes,100,
111,"tacos (vegan, black beans, and others)",Yes,Plant-rich carb,yes,yes,yes,100,
112,corn tortillas,Yes,Plant-rich carb,yes,yes,yes,100,
113,vegan taco filling,Yes,"Plant-based sauce, spreads and dips",yes,yes,yes,100,
114,vegan meatballs,Yes,Plant-based protein,yes,yes,yes,100,
115,grapes,Yes,Fruits,yes,yes,yes,100,
116,vegan tzatziki (sauce and others),Yes,"Plant-based sauce, spreads and dips",yes,yes,yes,100,
117,rice cakes,Yes,Plant-based carbs,yes,yes,yes,100,
118,dried fruit,Yes,Fruits,yes,yes,yes,100,
119,vegan feta,Yes,Also known as vegan feta cheese is a plant-based protein,yes,yes,yes,100,
120,gluten-free vegan brownie,Yes,Plant-rich snacks and dessert,yes,yes,yes,100,
121,vegan meat crumbles,Yes,"Plant-based sauce, spreads and dips",yes,yes,yes,100,
122,garlic bread,Yes,Plant-rich carb,yes,yes,yes,100,
123,vegan sour cream,Yes,"Plant-based sauce, spreads and dips",yes,yes,yes,100,
124,vegan meatloaf,Yes,Plant-based protein,yes,yes,yes,100,
125,breadcrumbs,Yes,Plant-rich carb,yes,yes,yes,100,
126,ketchup glaze,Yes,"Ketchup was the actual food and glaze was used to qualify how the ketchup is applied to foods. Hence, ketchup is a plant-based sauce, spreads and dips",yes,yes,yes,100,
127,whole wheat sub roll,Yes,Implies wholemeal rolls. They are plant-rich carb,yes,yes,yes,100,
128,vegan parmesan,Yes,Plant-based protein,yes,yes,yes,100,
129,vegan omelet,Yes,Plant-based protein,yes,yes,yes,100,
130,chickpea flour,Yes,Plant-based protein,yes,yes,yes,100,
131,"vegan gyro
 seitan",Yes,Plant-rich carb diet [https://www.mdpi.com/2072-6643/16/11/1648],yes,yes,yes,100,
132,whole wheat pita,Yes,Plant-rich carb,yes,yes,yes,100,
133,vegan jambalaya rice,Maybe,Not implied in most cases,yes,yes,yes (If it contains vegan components),92,If it contains vegan components
134,vegan sausage,Yes,Plant-based protein,yes,yes,yes,100,
135,cajun seasoning,Yes,Plant-based herbs and spices,yes,yes,yes,100,
136,pineapple,Yes,Fruits,yes,yes,yes,100,
137,pumpkin seeds,Yes,Plant-based seeds,yes,yes,yes,100,
138,mixed seeds,Yes,Plant-based seeds,yes,yes,yes,100,
139,vinaigrette (balsamic and others),Yes,"Plant-based sauce, spreads and dips",yes,yes,yes,100,
140,gluten-free pasta primavera,Yes,Plant-rich carbohydrates,yes,yes,yes,100,
141,cumin,Yes,Plant-based seeds,yes,yes,yes,100,
142,vegan thai curry,Yes,"Plant-based herbs and spices. Asian based which implies thai curry is one of them. Our rationale was based on the quote “We opted for Asian cuisine, as it naturally offers both meat and vegetarian versions of the same dish.”",yes,yes,yes,100,
143,curry paste,Maybe,The experiment’s exclusion criteria with curry paste could be an indicator that it is not vegan-friendly.,yes,yes,yes,100,
144,nutritional yeast,Yes,Plant-extracts,yes,yes,yes,100,
145,peanut butter sandwich,Yes,Plant-rich carb meal,yes,yes,yes,100,
146,olives,Yes,Fruits [https://ifst.onlinelibrary.wiley.com/doi/pdfdirect/10.1111/jfpp.16645],yes,yes,yes,100,
147,artichokes,Yes,Vegetable,yes,yes,yes,100,
148,refried beans,Yes,Plant-based protein,yes,yes,yes,100,
149,vegan chocolate chip cookie,Yes,Plant-rich snacks and dessert,yes,yes,yes,100,
150,sesame seeds,Yes,Plant-based seeds,yes,yes,yes,100,
151,kale,Yes,Vegetable,yes,yes,yes,100,
