   ,Foods,Vegan?,Containing Gluten?,Class of Diet,"Expert 1 Rating (4 for Yes; 3 for Yes with conditions, 2 No with conditions; and 1 for No)","Expert 2 Rating (4, Yes with conditions; 3 for Yes, 2 No with conditions; and 1 for No)","Expert 3 Rating (4, Yes with conditions; 3 for Yes, 2 No with conditions; and 1 for No)",% Agreement,Conditions Given
1,"tomato (sliced, cherry, and others)",Yes,No,Vegetables,Yes,Yes,Yes,100,
2,"avocado (plain, wrap, toast and others)",Yes,No,Fruits,No (gluten allergy),Yes,Yes,83,Might not be suitable for gluten allergy
3,"rice (sushi, jasmine, brown, etc.)",Yes,No,Plant-based carbs,Yes,Yes,Yes,100,
4,onion (red and others),Yes,No,Vegetable,Yes,Yes,Yes,100,
5,"bell pepper (stuffed, sautéed, etc.)",Yes,No,Vegetable,Yes,Yes,Yes,100,
6,almond milk,Yes,No,Plant-based protein,Yes,Yes,Yes,100,
7,"banana (sliced, whole and others)",Yes,No,Fruits,Yes,Yes,Yes,100,
8,"spinach (plain, salad, etc)",Yes,No,Vegetable,Yes,Yes,Yes,100,
9,peas (snap and others),Yes,No,Fruits,Yes,Yes,Yes,100,
10,olive oil,Yes,No,Plant-rich fats,Yes,Yes,Yes,100,
11,"juice (carrot, lemon, orange, etc.)",Yes,No,Fruits,Yes,Yes,Yes,100,
12,"tofu (vegan, stir-fry and others)",Yes,No,Plant-based protein,Yes,Yes,Yes,100,
13,"vegetables (mixed, stir-fry etc.)",Yes,No,Vegetable,Yes,Yes,Yes,100,
14,"carrots (stir-fry, sticks, and others)",Yes,No,Vegetable,Yes,Yes,Yes,100,
15,butter (almond and others),Yes,No,Plant-based extracts,Yes,Yes,Yes,100,
16,apple,Yes,No,Fruits,Yes,Yes,Yes,100,
17,cucumber (diced and others),Yes,No,Vegetable,Yes,Yes,Yes,100,
18,"chickpeas (plain, sandwich, salad, etc.)",Yes,No,Plant-based protein,Yes (if wheat bread not used),Yes,Yes,92,Not suitable if wheat bread is used
19,granola (gluten-free and others),Not specific about the gluten alternative,,,Yes,Yes,Yes (pure gluten-free oats),92,Suitable only when pure gluten-free oats are used
20,smoothie (spinach and others),Yes,No,Plant-rich drinks and beverages,Yes,Yes,Yes,100,
21,"mango (plain, slices, and salad)",Yes,No,Fruits,Yes,Yes,Yes,100,
22,"quinoa (plain, salad and others)",Yes,No,Plant-based grains,Yes,Yes,Yes,100,
23,"spices (curry, and others)",Yes,No,Plant-based herbs and spices,Yes,Yes,Yes,100,
24,orange (slices and others),Yes,No,Fruits,Yes,Yes,Yes,100,
25,"syrup (agave, maple and others)",Yes,No,"Plant-based sauce, spreads and dips",Yes,Yes,Yes,100,
26,vegetable broth,Yes,No,Vegetable,Yes,Yes,Yes,100,
27,gluten-free vegan cookie,Yes,No,Plant-based carbs,Yes,Yes,Yes,100,
28,rice cakes,Yes,No,Plant-based carbs,Yes,Yes,Yes,100,
29,yogurt (dairy-free and vegan),Yes,No,Plant-based protein,Yes,Yes,Yes,100,
30,"soy (sesame dressing, gluten-free sauce, etc.)",Yes,No,Plant-based protein,Yes,Yes,Yes,100,
31,"lentil (plain, soup and others)",Yes,No,Plant-based protein,Yes,Yes,Yes,100,
32,mixed greens,Yes,No,Vegetable,Yes,Yes,Yes,100,
33,"chia-seed (plain, pudding and others)",Yes,No,Plant-based seeds. But they are in the seed category,Yes,Yes,Yes,100,
34,"black beans (plain, salad and others)",Yes,No,Plant-based protein,Yes,Yes,Yes,100,
35,marinara sauce,Yes,No,"Plant-based sauce, spreads and dips",Yes,Yes,Yes,100,
36,bread (whole-wheat and others),Yes,No,Plant-based carbs,No (allergic),Yes,Yes,83,Contains gluten allergens
37,pasta (whole-wheat and others),Yes,No,Plant-based carbs,No (allergic),Yes,Yes,83,Contains gluten allergens
38,flaxseed,Yes,No,Plant-based seeds,Yes,Yes,Yes,100,
39,salsa,Yes,No,"Plant-based sauce, spreads and dips",Yes,Yes,Yes,100,
40,corn,Yes,No,Plant-based carbs,Yes,Yes,Yes,100,
41,gluten-free oats,Not specific about the gluten alternative,,,Yes,Yes,Yes,100,
42,soy milk,Yes,No,Plant-based protein,Yes,Yes,Yes,100,
43,gluten-free vegan muffin,Not specific about the gluten alternative,,,Yes,Yes,Yes,100,
44,vegan protein shake,Yes,No,Plant-based protein,"No ( allergic, whole wheat added)",Yes,Yes,83,"Contains gluten allergens, especially when wheat is added"
45,kidney beans,Yes,No,Plant-based protein,Yes,Yes,Yes,100,
46,gluten-free chili spices,Not specific about the gluten alternative,,,Yes,Yes,Yes,100,
47,blueberries,Yes,No,Fruits,Yes,Yes,Yes,100,
48,celery,Yes,No,Vegetables,Yes,Yes,Yes,100,
49,oatmeal (all flavours e.g. banana),Yes,No,Plant-rich carbs and fiber,Yes,Yes,Yes,100,
50,vegan burrito,Yes,No,Plant-rich carbs,"No ( allergic, whole wheat added)",Yes,Yes,83,"Contains gluten allergens, especially when wheat is added"
51,vegan protein powder,Yes,No,Plant-based protein,"No (allergic, whole wheat added)",Yes,Yes,83,"Contains gluten allergens, especially when wheat is added"
52,vegan pad thai,Yes,No,Plant-based carbs,Yes,Yes,Yes,100,
53,bean sprouts,Yes,No,Plant-based protein,"No (allergic, whole wheat added)",Yes,Yes,83,"Contains gluten allergens, especially when wheat is added"
54,rice noodles,Yes,No,Plant-based carbs,Yes,Yes,Yes,100,
55,"berries (mixed, fresh)",Yes,No,Fruits,Yes,Yes,Yes,100,
56,lettuce (romaine and others),Yes,No,Vegetable,Yes,Yes,Yes,100,
57,vegan mayo,Yes,No,"Plant-based sauce, spreads and dips",Yes,Yes,Yes,100,
58,gluten-free pad thai sauce,Not specific about the gluten alternative,,,Yes,Yes,Yes,100,
59,"mushrooms (stroganoff, vegan, etc.)",Yes,No,Vegetable,Yes,Yes,Yes,100,
60,fruit salad,Yes,No,Fruits,Yes,Yes,Yes,100,
61,toast (avocado and others),Yes,No,Fruits,"No (allergic, whole wheat toast added",Yes,Yes,83,"Contains gluten allergens, especially when wheat is added"
62,tomato sauce,Yes,No,"Plant-based sauce, spreads and dips",Yes,Yes,Yes,100,
63,broccoli (stir-fry and others),Yes,No,Vegetable,Yes,Yes,Yes,100,
64,almond milk yogurt,Yes,No,Plant-based protein,Yes,Yes,Yes,100,
65,"peach (slices, diced and others)",Yes,No,Fruits,Yes,Yes,Yes,100,
66,mixed berries,Yes,No,Fruits,Yes,Yes,Yes,100,
67,"vegan sushi (rolls, bowls, and others)",Yes,No,Plant-rich carbs,Yes,Yes,Yes,100,
68,nori sheets,Yes,No,Vegetable,Yes,Yes,Yes,100,
69,"wrap (vegan, whole grain, falafel, etc.)",Yes,No,Plant-rich protein and fiber,No (allergic),Yes,Yes,83,Contains gluten allergens.
70,mixed-nuts,Yes,No,Plant-based nuts,Yes,Yes,Yes,100,
71,turmeric,Yes,No,Plant-based herbs and spices,Yes,Yes,Yes,100,
72,"potatoes (mashed, sweet, and others)",Yes,No,Plant-rich carb,Yes,Yes,Yes,100,
73,coconut milk,Yes,No,Plant-based protein,Yes,Yes,Yes,100,
74,vegan pizza (base and others),Yes,No,Plant-rich carbs,No (allergic),Yes,Yes,83,Contains gluten allergens.
75,vegan cheese,Yes,No,Vegetable protein,Yes,Yes,Yes,100,
76,almonds (whole and others),Yes,No,Plant-based nuts,Yes,Yes,Yes,100,
77,spices(not specific),Not specified,,,Yes,Yes,Yes,100,
78,grapefruit,Yes,No,Fruits,Yes,Yes,Yes,100,
79,vegan kebabs,Yes,No,Vegetable protein,Yes,Yes,Yes,100,
80,gluten-free marinade,Not specific about the gluten alternative,,,Yes,Yes,Yes,100,
81,hummus,Yes,No,"Plant-based sauce, spreads and dips",Yes,Yes,Yes,100,
82,"zucchini (roasted, fresh and others)",Yes,No,Vegetables,Yes,Yes,Yes,100,
83,vegan shepherd’s pie,Yes,No,Plant-rich carbs,Yes,Yes,Yes,100,
84,gluten-free gravy,Not specific about the gluten alternative,,,Yes,Yes,Yes,100,
85,raspberries,Yes,No,Fruits,Yes,Yes,Yes,100,
86,vegan pasta (bolognese),Yes,No,Plant-based carbs,"No (allergic, if whole wheat is used)",Yes,Yes,83,"Contains gluten allergens, especially when wheat is added"
87,vegan ground meat substitute,Yes,No,Plant-based protein,Yes,Yes,Yes,100,
88,vegetable and bean soup,Yes,No,Plant-based protein,Yes (if no veggie boullion added),Yes,Yes,92,"Contains gluten allergens, especially when veggie bouillon is added"
89,white beans,Yes,No,Plant-based protein.,Yes,Yes,Yes,100,
90,"strawberries (fresh, sliced, and others)",Yes,No,Fruits,Yes,Yes,Yes,100,
91,balsamic vinegar,Yes,No,"Plant-based sauce, spreads and dips",Yes,Yes,Yes,100,
92,"tacos (vegan, black beans, and others)",Yes,No,Plant-rich carb,No (allergic),Yes,Yes,83,Contains gluten allergens
93,corn tortillas,Yes,No,Plant-rich carb,Yes,Yes,Yes,100,
94,cinnamon,Yes,No,Plant-based herbs and spices,Yes,Yes,Yes,100,
95,walnuts,Yes,No,Plant based nuts,Yes,Yes,Yes,100,
96,chocolate pudding,Yes,No,Plant-rich snacks and dessert,Yes,Yes,Yes,100,
97,gluten-free pancakes,Not specific about the gluten alternative,,,Yes,Yes,Yes,100,
98,flour (gluten-free),Not specific about the gluten alternative,,,Yes,Yes,Yes,100,
99,vegan feta,Yes,No,Plant-based protein,Yes,Yes,Yes,100,
100,gluten-free vegan brownie,Not specific about the gluten alternative,,,Yes,Yes,Yes,100,
101,sesame oil,Yes,No,Plant-based extracts,Yes,Yes,Yes,100,
102,tamari sauce,Yes,No,"Plant-based sauce, spreads and dips",Yes,Yes,Yes,100,
103,gluten-free vegan bar,Not specific about the gluten alternative,,,Yes,Yes,Yes,100,
104,peanuts,Yes,No,Plant-based protein,Yes,Yes,Yes,100,
