S/N,Foods,Vegan diet?,Containing Nuts?,Obesity diet?,Description and class of diet,"Expert 1 Rating (4 for Yes; 3 for Yes with conditions, 2 No with conditions; and 1 for No)","Expert 2 Rating (4, Yes with conditions; 3 for Yes, 2 No with conditions; and 1 for No)","Expert 3 Rating (4, Yes with conditions; 3 for Yes, 2 No with conditions; and 1 for No)",% Agreement,Conditions Given
1,oatmeal (all flavours e.g. banana),Yes,No,Yes,Plant-based fiber,Yes,Yes,Yes,100,
2,banana,Yes,No,Yes,Fruits,Yes,Yes,Yes,100,
3,"berries (mixed, frozen and fresh)",Yes,No,Yes,Fruits,Yes,Yes,Yes,100,
4,"oats (rolled, cooked, and porridge)",Yes,No,Yes,Plant-based fiber,Yes,Yes,Yes,100,
5,soy milk,Yes,No,Yes,Plant-based protein,Yes,Yes,Yes,100,
6,blueberries,Yes,No,Yes,Fruits,Yes,Yes,Yes,100,
7,cinnamon,Yes,No,Yes,Plant-based herbs and spices,Yes,Yes,Yes,100,
8,"syrup (agave, maple and others)",Yes,No,Yes,"Plant-based sauce, spreads and dips",Yes,Yes,Yes,100,
9,"quinoa (plain, salad and others)",Yes,No,Yes,Plant-based grains,Yes,Yes,Yes (if no nuts added in the salad),92,if no nuts added in the salad
10,"chickpeas (plain, sandwich, salad, roasted, and others)",Yes,No,Yes,Vegetable protein,Yes,Yes,Yes (if no nuts added in the salad),92,if no nuts added in the salad
11,cucumber (diced and others),Yes,No,Yes,Vegetable,Yes,Yes,Yes,100,
12,"tomato (sliced, cherry, and others)",Yes,No,Yes,Vegetable,Yes,Yes,Yes,100,
13,"bell pepper (stuffed, sautéed, etc.)",Yes,No,Yes,Vegetable,Yes,Yes,Yes,100,
14,olive oil,Yes,No,Yes,Plant-rich fats,Yes,Yes,Yes,100,
15,"juice (carrot, lemon, orange, etc.)",Yes,No,Yes,Fruits,Yes,Yes,Yes,100,
16,spinach,Yes,No,Yes,Vegetable,Yes,Yes,Yes,100,
17,toast (avocado and others),Yes,No,Yes,Fruit,Yes,Yes,Yes ( if no nut butter),92,if no nut butter
18,"rice (sushi, jasmine, brown, etc.)",Yes,No,Yes,Plant-based grain and cereal,Yes,Yes,Yes,100,
19,"soy (sesame dressing, gluten-free sauce, etc.)",Yes,No,Yes,Plant-based proteins,Yes,Yes,Yes,100,
20,garlic,Yes,No,Yes,Plant-based herbs and spices,Yes,Yes,Yes,100,
21,ginger,Yes,No,Yes,Plant-based herbs and spices,Yes,Yes,Yes,100,
22,sesame seeds,Yes,No,Yes,Plant-based seeds,Yes,Yes,Yes,100,
23,broccoli (stir-fry and others),Yes,No,Yes,Vegetables,Yes,Yes,Yes,100,
24,smoothie bowl,Yes,No,,Fruits and vegetables,Yes,Yes,Yes,100,
25,flaxseeds,Yes,No,Yes,Plant-based seeds,Yes,Yes,Yes,100,
26,"lentil (plain, soup and others)",Yes,No,Yes,Plant-based protein,Yes,Yes,Yes,100,
27,veggie salad,Yes,No,Yes,Vegetables,Yes,Yes,Yes,100,
28,onion (red and others),Yes,No,Yes,Vegetable,Yes,Yes,Yes,100,
29,"carrots (stir-fry, sticks, and others)",Yes,No,Yes,Vegetables,Yes,Yes,Yes,100,
30,vegan chili,Yes,No,Yes,Plant-based herbs and spices,Yes,Yes,Yes,100,
31,"black beans (plain, salad and others)",Yes,No,Yes,Plant-based proteins,Yes,Yes,Yes (if no nuts added in the salad),92,if no nuts added in the salad
32,kidney beans,Yes,No,Yes,Plant-based protein,Yes,Yes,Yes,100,
33,corn,Yes,No,Yes,Plant-rich carb,Yes,Yes,Yes,100,
34,tomato sauce,Yes,No,Yes,"Plant-based sauce, spreads and dips",Yes,Yes,Yes,100,
35,chili powder,Yes,No,Yes,Plant-based herbs and spices,Yes,Yes,Yes,100,
36,Whole wheat bread,Yes,No,Yes,Plant-rich carbs,Yes,Yes,Yes,100,
37,"wrap (vegan, whole grain, falafel, etc.)",Yes,No,Yes,Plant-rich protein and fiber,Yes,Yes,Yes,100,
38,tortilla (whole-wheat and others),Yes,No,Yes,Plant-rich carb and fiber (https://www.sciencedirect.com/science/article/pii/S2772502222000312),Yes,Yes,Yes,100,
39,Hummus,Yes,No,Yes,"Plant-based sauce, spreads and dips",Yes,Yes,Yes,100,
40,"bell pepper (stuffed, sautéed, etc.)",Yes,No,Yes,Vegetable,Yes,Yes,Yes,100,
41,vegan pancakes,Yes,No,Yes,Plant-rich carbs,Yes,Yes,Yes,100,
42,flour (Whole-wheat),Yes,No,Yes,Plant-rich carbs,Yes,Yes,Yes,100,
43,Baking powder,Yes,No,Yes,Plant-extracts,Yes,Yes,Yes,100,
44,Vanilla extract,Yes,No,Yes,Plant-extracts,Yes,Yes,Yes,100,
45,Apple,Yes,No,Yes,Fruits,Yes,Yes,Yes,100,
46,"chia-seed (plain, pudding and others)",Yes,No,Yes,Plant-based fiber,Yes,Yes,Yes,100,
47,Nori seaweed,Yes,No,Yes,Vegetable,Yes,Yes,Yes,100,
48,edamame,Yes,No,Yes,Vegetable,Yes,Yes,Yes,100,
49,"spices (curry, and others)",Yes,No,Yes,Plant-based herbs and spices,Yes,Yes,Yes,100,
50,Roasted Veggie Sandwich,Yes,No,Yes,Plant-rich carbs and Vegetables,Yes,Yes,Yes (if no nut butter),92,if no nut butter
51,"zucchini (roasted, fresh and others)",Yes,No,Yes,Vegetables,Yes,Yes,Yes,100,
52,Roasted eggplant,Yes,No,Yes,Vegetables,Yes,Yes,Yes,100,
53,balsamic vinegar,Yes,No,Yes,"Plant-based sauce, spreads and dips",Yes,Yes,Yes,100,
54,vegan shepherd’s pie,Yes,No,Yes,Plant-rich carbs,Yes,Yes,"No (allergic, recipe contain nuts)",83,"allergic, recipe contain nuts"
55,"potatoes (mashed, sweet, and others)",Yes,No,Yes,Plant-rich carb,Yes,Yes,"No (allergic, contain nuts in the recipe)",83,"allergic, recipe contain nuts"
56,peas (snap and others),Yes,No,Yes,Vegetable,Yes,Yes,Yes,100,
57,nutritional yeast,Yes,No,Yes,Plant-extracts,Yes,Yes,Yes,100,
58,tomato paste,Yes,No,Yes,"Plant-based sauce, spreads and dips",Yes,Yes,Yes,100,
59,strawberries,Yes,No,Yes,Fruits,Yes,Yes,Yes,100,
60,"vegetables (grilled, mixed, stir-fry etc.)",Yes,No,Yes,Vegetables,Yes,Yes,Yes,100,
61,"tofu (vegan, skewers, stir-fry and others)",Yes,No,Yes,Plant-based protein,Yes,Yes,Yes,100,
62,"mushrooms (stroganoff, vegan, etc.)",Yes,No,Yes,Vegetables,Yes,Yes,Yes (if no nut milk in the recipe),92,if no nut milk in the recipe
63,Vegan Pasta Primavera,Yes,No,Yes,Plant-rich carb,Yes,Yes,No ( allergic contain vegan parmesan cheese),83,allergic contain vegan parmesan cheese
