S/N,Foods,Vegan diet?,No Allergy,Obesity diet?,Description and class of diet,"Expert 1 Rating (4 for Yes; 3 for Yes with conditions, 2 No with conditions; and 1 for No)","Expert 2 Rating (4, Yes with conditions; 3 for Yes, 2 No with conditions; and 1 for No)","Expert 3 Rating (4, Yes with conditions; 3 for Yes, 2 No with conditions; and 1 for No)",% Agreement,Conditions Given (N/A)
1,oatmeal (all flavours e.g. banana),Yes,Yes,Yes,Plant-based fiber,Yes,Yes,Yes,100,
2,"berries (mixed, frozen and fresh)",Yes,Yes,Yes,Fruits,Yes,Yes,Yes,100,
3,"oats (rolled, cooked, and porridge)",Yes,Yes,Yes,Plant-based fiber,Yes,Yes,Yes,100,
4,almond milk (unsweetened),Yes,Yes,Yes,Plant-based protein,Yes,Yes,Yes,100,
5,"syrup (agave, maple and others)",Yes,Yes,Yes,"Plant-based sauce, spreads and dips",Yes,Yes,Yes,100,
6,"strawberries (fresh, sliced, and others)",Yes,Yes,Yes,Fruits,Yes,Yes,Yes,100,
7,blueberries,Yes,Yes,Yes,Fruits,Yes,Yes,Yes,100,
8,"chia-seed (plain, pudding and others)",Yes,Yes,Yes,Plant-based fiber,Yes,Yes,Yes,100,
9,"quinoa (plain, salad and others)",Yes,Yes,Yes,Plant-based grains,Yes,Yes,Yes,100,
10,"chickpeas (plain, sandwich, salad, roasted, and others)",Yes,Yes,Yes,Vegetable protein,Yes,Yes,Yes,100,
11,cucumber (diced and others),Yes,Yes,Yes,Vegetable,Yes,Yes,Yes,100,
12,"tomato (sliced, cherry, and others)",Yes,Yes,Yes,Vegetable,Yes,Yes,Yes,100,
13,"bell pepper (stuffed, sautéed, etc.)",Yes,Yes,Yes,Vegetable,Yes,Yes,Yes,100,
14,olive oil,Yes,Yes,Yes,Plant-rich fats,Yes,Yes,Yes,100,
15,"juice (carrot, lemon, orange, etc.)",Yes,Yes,Yes,Fruits,Yes,Yes,Yes,100,
16,"spinach (plain, salad, etc)",Yes,Yes,Yes,Vegetable,Yes,Yes,Yes,100,
17,"rice (sushi, jasmine, brown, etc.)",Yes,Yes,Yes,Plant-based grain and cereal,Yes,Yes,Yes,100,
18,"soy (sesame dressing, gluten-free sauce, etc.)",Yes,Yes,Yes,Plant-based proteins,Yes,Yes,No,100,
19,garlic,Yes,Yes,Yes,Plant-based herbs and spices,Yes,Yes,Yes,100,
20,ginger,Yes,Yes,Yes,Plant-based herbs and spices,Yes,Yes,Yes,100,
21,sesame seeds,Yes,Yes,Yes,Plant-based seeds,Yes,Yes,Yes,100,
22,broccoli (stir-fry and others),Yes,Yes,Yes,Vegetables,Yes,Yes,Yes,100,
23,smoothie bowl,Yes,Yes,Yes,Fruits and vegetables,Yes,Yes,Yes,100,
24,banana,Yes,Yes,Yes,Fruits,Yes,Yes,Yes,100,
25,flaxseeds,Yes,Yes,Yes,Plant-based seeds,Yes,Yes,Yes,100,
26,"lentil (plain, soup and others)",Yes,Yes,Yes,Plant-based protein,Yes,Yes,Yes,100,
27,veggie salad,Yes,Yes,Yes,Vegetables,Yes,Yes,Yes,100,
28,onion (red and others),Yes,Yes,Yes,Vegetable,Yes,Yes,Yes,100,
29,toast (avocado and others),Yes,Yes,Yes,Fruit,Yes,Yes,Yes,100,
30,"carrots (stir-fry, sticks, and others)",Yes,Yes,Yes,Vegetables,Yes,Yes,Yes,100,
31,vegan chili,Yes,Yes,Yes,Plant-based herbs and spices,Yes,Yes,Yes,100,
32,"black beans (plain, salad and others)",Yes,Yes,Yes,Plant-based proteins,Yes,Yes,Yes,100,
33,kidney beans,Yes,Yes,Yes,Plant-based protein,Yes,Yes,Yes,100,
34,corn,Yes,Yes,Yes,Plant-rich carb,Yes,Yes,Yes,100,
35,tomato sauce,Yes,Yes,Yes,"Plant-based sauce, spreads and dips",Yes,Yes,Yes,100,
36,"bread (whole-wheat, whole-grain, and others)",Yes,Yes,Yes,Plant-rich carb and fiber,Yes,Yes,Yes,100,
37,"zucchini (roasted, fresh and others)",Yes,Yes,Yes,Vegetables,Yes,Yes,Yes,100,
38,"bell pepper (stuffed, sautéed, etc.)",Yes,Yes,Yes,Vegetables,Yes,Yes,Yes,100,
39,vanilla extract,Yes,Yes,Yes,Plant-extracts,Yes,Yes,Yes,100,
40,roasted eggplant,,Yes,Yes,Vegetables,Yes,Yes,Yes,100,
41,hummus,Yes,Yes,Yes,"Plant-based sauce, spreads and dips",Yes,Yes,Yes,100,
42,balsamic vinegar,Yes,Yes,Yes,"Plant-based sauce, spreads and dips",Yes,Yes,Yes,100,
43,"spices (curry, and others)",Yes,Yes,Yes,Plant-based herbs and spices,Yes,Yes,Yes,100,
44,"vegetables (grilled, mixed, stir-fry etc.)",Yes,Yes,Yes,Vegetables,Yes,Yes,Yes,100,
45,"tofu (vegan, skewers, stir-fry and others)",Yes,Yes,Yes,Plant-based proteins and Vegetables,Yes,Yes,Yes,100,
46,mushrooms,Yes,Yes,Yes,Vegetables,Yes,Yes,Yes,100,
47,vegan shepherd’s pie,Yes,Yes,Yes,Plant-rich carbs,Yes,Yes,Yes,100,
48,"potatoes (mashed, sweet, and others)",Yes,Yes,Yes,Plant-rich carb,Yes,Yes,Yes,100,
49,peas (snap and others),Yes,Yes,Yes,Vegetables,Yes,Yes,Yes,100,
50,nutritional yeast,Yes,Yes,Yes,Plant-extracts,Yes,Yes,Yes,100,
51,tomato paste,Yes,Yes,Yes,"Plant-based sauce, spreads and dips",Yes,Yes,Yes,100,
52,Vegan Pasta Primavera,Yes,Yes,Yes,Plant-rich carb,Yes,Yes,Yes,100,
53,"pasta (whole-grain, whole-wheat and others)",Yes,Yes,Yes,Plant-rich carb and fiber,Yes,Yes,Yes,100,
