S/N,Foods,Vegan diet?,Gluten Allergy,Obesity diet?,Description and class of diet,"Expert 1 Rating (4 for Yes; 3 for Yes with conditions, 2 No with conditions; and 1 for No)","Expert 2 Rating (4, Yes with conditions; 3 for Yes, 2 No with conditions; and 1 for No)","Expert 3 Rating (4, Yes with conditions; 3 for Yes, 2 No with conditions; and 1 for No)",% Agreement,Conditions Given
1,"chia-seed (plain, pudding and others)",Yes,Yes,Yes,Plant-based fiber,Yes,Yes,Yes,100,
2,Almond milk (unsweetened),Yes,Yes,Yes,Plant-based protein,Yes,Yes,Yes,100,
3,"syrup (agave, maple and others)",Yes,Yes,Yes,"Plant-based sauce, spreads and dips",Yes,Yes,Yes,100,
4,strawberries,Yes,Yes,Yes,Fruits,Yes,Yes,Yes,100,
5,blueberries,Yes,Yes,Yes,Fruits,Yes,Yes,Yes,100,
6,Vanilla extract,Yes,Yes,Yes,Plant-extracts,Yes,Yes,Yes,100,
7,cucumber (diced and others),Yes,Yes,Yes,Vegetable,Yes,Yes,Yes,100,
8,"tomato (sliced, cherry, and others)",Yes,Yes,Yes,Vegetable,Yes,Yes,Yes,100,
9,olive oil,Yes,Yes,Yes,Plant-rich fats,Yes,Yes,Yes,100,
10,"juice (carrot, lemon, orange, etc.)",Yes,Yes,Yes,Fruits,Yes,Yes,Yes,100,
11,spinach,Yes,Yes,Yes,Vegetable,Yes,Yes,Yes,100,
12,"rice (sushi, jasmine, brown, etc.)",Yes,Yes,Yes,Plant-based grain and cereal,Yes,Yes,Yes,100,
13,"tofu (vegan, skewers, stir-fry and others)",Yes,Yes,Yes,Vegetable protein,Yes,Yes,No (gluten from soy sauce when stir - frying,83,Gluten from soy sauce when stir - frying
14,"soy (sesame dressing, gluten-free sauce, etc.)",Yes,Yes,Yes,Vegetable protein,Yes,Yes,Yes,100,
15,garlic,Yes,Yes,Yes,Plant-based herbs and spices,Yes,Yes,Yes,100,
16,ginger,Yes,Yes,Yes,Plant-based herbs and spices,Yes,Yes,Yes,100,
17,sesame seeds,Yes,Yes,Yes,Plant-based seeds,Yes,Yes,Yes,100,
18,broccoli (stir-fry and others),Yes,Yes,Yes,Vegetables,Yes,Yes,Yes,100,
19,smoothie bowl,,,Yes,Fruits and vegetables,Yes,Yes,Yes,100,
20,banana,Yes,Yes,Yes,Fruits,Yes,Yes,Yes,100,
21,"berries (mixed, frozen and fresh)",Yes,Yes,Yes,Fruits,Yes,Yes,Yes,100,
22,flaxseeds,Yes,Yes,Yes,Plant-based seeds,Yes,Yes,Yes,100,
23,"lentil (plain, soup and others)",Yes,Yes,Yes,Plant-based protein,Yes,Yes,Yes,100,
24,veggie salad,Yes,Yes,Yes,Vegetables,Yes,Yes,Yes,100,
25,toast (avocado and others),Yes,Yes,Yes,Fruit,Yes,Yes,No (gluten from whole wheat bread used for toast),83,Gluten from whole wheat bread used for toast
26,vegan Chili,Yes,Yes,Yes,Plant-based herbs and spices,Yes,Yes,Yes,100,
27,Kidney beans,Yes,Yes,Yes,Plant-based protein,Yes,Yes,Yes,100,
28,"carrots (stir-fry, sticks, and others)",Yes,Yes,Yes,Plant-rich carb,Yes,Yes,No (gluten from soy sauce when stir-frying),83,Gluten from soy sauce when stir-frying
29,tomato sauce,Yes,Yes,Yes,"Plant-based sauce, spreads and dips",Yes,Yes,Yes,100,
30,onion (red and others),Yes,Yes,Yes,Vegetables,Yes,Yes,Yes,100,
31,bread (gluten-free),Yes,Yes,Yes,Plant-rich carb,Yes,Yes,Yes,100,
32,Roasted Veggie Salad,Yes,Yes,Yes,Vegetables,Yes,Yes,Yes,100,
33,"zucchini (roasted, fresh and others)",Yes,Yes,Yes,Vegetables,Yes,Yes,Yes,100,
34,"bell pepper (stuffed, sautéed, etc.)",Yes,Yes,Yes,Vegetables,Yes,Yes,Yes,100,
35,"chickpeas (plain, sandwich, salad, roasted, and others)",Yes,Yes,Yes,Vegetable protein,Yes,Yes,Yes,100,
36,Roasted eggplant,Yes,Yes,Yes,Vegetables,Yes,Yes,Yes,100,
37,hummus,Yes,Yes,Yes,"Plant-based sauce, spreads and dips",Yes,Yes,Yes,100,
38,Balsamic vinegar,Yes,Yes,Yes,"Plant-based sauce, spreads and dips",Yes,Yes,Yes,100,
39,"spices (curry, and others)",Yes,Yes,Yes,Plant-based herbs and spices,Yes,Yes,"No (could contain either wheat, rye or barley.)",83,"could contain either wheat, rye or barley."
40,"vegetables (grilled, mixed, stir-fry etc.)",Yes,Yes,Yes,Vegetables,Yes,Yes,No (ingredients used when stirr - frying.),83,ingredients used when stir - frying
41,"mushrooms (stroganoff, vegan, etc.)",Yes,Yes,Yes,Vegetables,Yes,Yes,No (ingredients used in stroganoff preparation),83,ingredients used in stroganoff preparation
42,vegan shepherd’s pie,Yes,Yes,Yes,Plant-rich carbs,Yes,Yes,Yes,100,
43,"potatoes (mashed, sweet, and others)",Yes,Yes,Yes,Plant-rich carb,Yes,Yes,Yes,100,
44,Peas,Yes,Yes,Yes,Fruits,Yes,Yes,Yes,100,
45,Nutritional yeast,Yes,Yes,Yes,Plant-extracts,Yes,Yes,Yes,100,
46,Tomato paste,Yes,Yes,Yes,"Vegetables; plant-based sauce, spreads and dips",Yes,Yes,Yes,100,
47,"quinoa (plain, salad and others)",Yes,Yes,Yes,Plant-based grains,Yes,Yes,Yes,100,
48,Vegan Pasta Primavera (using gluten-free pasta),Yes,Yes,Yes,Plant-rich carb,Yes,Yes,No (if whole wheat pasta is used),83,if whole wheat pasta is used
49,pasta (gluten-free),Yes,Yes,Yes,Plant-rich carb,Yes,Yes,Yes,100,
50,"black beans (plain, salad and others)",Yes,Yes,Yes,Plant-based proteins,Yes,Yes,Yes,100,
